filename,Garment_Type,Silhouette,Primary_Color,Pattern_Texture,Accessories,Footwear_Type,Style_Aesthetic,Formality_Level,Short_Description
carrie_20s_white_dress.png,Dress,A-line,Light Pink,Lace with tiered ruffles,"Bracelets, small metallic handbag, necklace",Strappy Heels,"Elegant, Feminine",Semi-formal,Light pink lace A-line dress with tiered ruffles paired with strappy heels and metallic accessories.
carrie_animal_dress.png,"Blazer, Dress, Scarf","Fitted blazer, A-line skirt dress","Brown, Green","Plaid scarf, Animal print dress","Plaid scarf, Horse-head shaped handbag, Gold bracelet, Necklace",White high-heeled pumps,"Eclectic, Vintage-inspired",Smart casual,"A smart casual outfit with a fitted brown blazer over a green animal print A-line skirt dress, accessorized with a red and green plaid scarf, a horse-head shaped handbag, gold jewelry, and white high-heeled pumps."
carrie_black_floral_skirt.png,"Coat, Crop Top, Midi Skirt","Fitted Coat, Fitted Crop Top, Flared Midi Skirt",White,Floral pattern on coat and abstract black and white pattern on skirt,Necklace,Open-toe Heels,"Chic, Casual",Smart Casual,"A white coat with pink and blue floral prints paired with a white fitted crop top and a black and white patterned midi skirt, accessorized with a necklace and open-toe heels."
carrie_black_minidress.png,Dress and Coat,A-line,Black,Sequin with floral pattern,"Necklace, Clutch",Heels,Glamorous / Evening,Formal,"Woman wearing a black sequined floral A-line dress paired with a long black coat, accessorized with a necklace and clutch, and wearing heels."
carrie_black_suit.png,"Blazer, Trousers, Striped Shirt",Fitted,"Black (Blazer and Trousers), Multicolor (Shirt)","Pinstripe (Blazer and Trousers), Horizontal Stripes (Shirt)",Beaded Shoulder Bag,Open-toe Heeled Sandals,Business Casual,Semi-formal,"Woman wearing a fitted black pinstripe blazer and matching trousers with a striped shirt, paired with open-toe heeled sandals and a beaded shoulder bag, showcasing a business casual semi-formal look."
carrie_blue_classical_dress.png,Dress,A-line,Light Blue,Solid,Clutch Bag,Heeled Sandals,Elegant,Semi-Formal,Light blue sleeveless A-line dress with a clutch bag and heeled sandals.
carrie_blue_dress.png,Dress,A-line,Light blue,Abstract print,"White clutch, necklace with heart pendant",High heel pumps,"Elegant, classic",Semi-formal,"Light blue abstract printed A-line dress with black thin straps, accessorized with a heart-shaped pendant necklace and white clutch, paired with pink high heel pumps."
carrie_blue_shorts.png,"Tube top, Shorts, Long coat","Fitted top, High-waisted shorts, Long loose coat","Red, White, Blue, Black, Brown","Striped (top), Solid (shorts and coat)","Brown flat cap, Black handbag",Open-toe heels,Casual chic with vintage touch,Casual,"Woman wearing a red and white striped tube top paired with blue shorts, long black coat, brown flat cap, and open-toe heels, accessorized with a black handbag."
carrie_blue_top.png,Camisolette Top,Fitted,Light Blue,Floral Print,Necklaces,,Casual Chic,Casual,"A light blue fitted camisole top with floral print and thin black straps, accessorized with layered necklaces."
carrie_bodycon_dress.png,"One-shoulder bodycon dress, Blazer",Fitted,"Light blue (dress), White (blazer)","Solid color, Ruched texture on dress, Smooth texture on blazer","Black clutch bag, Earrings",Strappy high-heeled sandals,"Elegant, Evening wear",Formal,"Woman wearing a fitted light blue one-shoulder ruched dress paired with a white blazer, accessorized with a black clutch and strappy high-heeled sandals suitable for formal evening events."
carrie_book_launch.png,Floral Mini Dress with a Structured Jacket,"Fitted bodice with flared skirt, Structured blazer with peplum flare","Cream (Jacket), Multi-colored floral (Dress)","Floral print on dress, Stripes on jacket hem, Solid textured jacket","Woven handbag, Delicate necklace, Red clutch",Black wedge sandals with ankle ties,Elegant with a vintage romantic touch,Semi-formal,"A feminine floral mini dress paired with a cream structured blazer featuring striped peplum detail, accessorized with a woven handbag, delicate necklace, and black wedge sandals, perfect for semi-formal occasions."
carrie_book_party.png,Dress,Loose/Fitted A-line,Ivory/Cream with Black accents,Feathers and Lace detailing,Black wrist corsage,Not visible,"Elegant, Evening Glamour",Formal,"A loose A-line ivory dress with black lace and feather embellishments, pairing delicate spaghetti straps with an elegant wrist corsage."
carrie_classic_dress.png,Dress,Fitted bodice with flared skirt,Green and white,Horizontal stripes,"White lace gloves, large beige hat, purple clutch",,Vintage/Retro,Semi-formal,"Green and white striped dress with fitted bodice and flared skirt, accessorized with white lace gloves, a large beige hat, and a purple clutch."
carrie_club_dress.png,Dress,Bodycon,Brown,Textured/Patterned,None visible,Not visible,Chic,Semi-formal,"Woman wearing a brown textured bodycon dress with spaghetti straps, suitable for a semi-formal occasion."
carrie_color_blocking.png,Dress,Fitted bodice with flared skirt,Blue and Red,Solid colors,"Necklace with a heart pendant, handbag",Not visible,"Chic, classic",Semi-formal,"Sleeveless dress with a fitted blue top featuring a draped neckline and a flared red skirt, accessorized with a heart pendant necklace and a patterned handbag."
carrie_cowgirl_outfit.png,strapless crop top and long skirt,fitted top with a flowing skirt,"brown (top), orange with black stripes (skirt)","snake print (top), striped (skirt)","brown hat, arm band, crossbody bag",not visible,"bohemian, festival",casual,"A casual bohemian outfit featuring a snake print strapless crop top, an orange and black striped flowing skirt, accessorized with a brown hat, arm band, and crossbody bag."
carrie_cream_dress.png,Long-sleeve top and asymmetric skirt,Fitted top with flowy skirt,Beige and white,Textured top with floral or lace pattern,White tote bag,High heel sandals,Chic and modern,Semi-formal,"A beige textured long-sleeve top paired with an asymmetric white skirt, accessorized with a white tote bag and black high heel sandals."
carrie_crop_top.png,Crop Top and Midi Skirt,Fitted,Black and White/Red,"Solid (Top), Striped (Skirt)","Necklace, Checkered Belt Bag",High Heels,Casual Chic,Casual,"Black fitted long sleeve crop top paired with a white midi skirt with diagonal red stripes, accessorized with a checkered belt bag and high heels."
carrie_denim_skirt.png,Top and Skirt,"Fitted top with a high-waisted, A-line midi skirt",Beige (top) and Blue (skirt),"Solid color, denim texture on skirt","Earrings, handbag",White heels,"Chic, casual elegance",Smart casual,"A beige fitted top paired with a high-waisted, A-line blue denim midi skirt, accessorized with earrings and a handbag, complemented by white heels for a chic smart casual look."
carrie_floral_dress.png,Dress,Column,Black,Bold Floral Print,Necklace,Not visible,"Elegant, Contemporary",Formal,"A long, fitted black column dress with a bold, colorful floral print and thin shoulder straps."
carrie_floral_ruffle_dress.png,Sheer overlay dress with floral appliqué and internal slip dress,A-line,Nude/Beige,Sheer with floral appliqué,"Earrings, rings, clutch",Open-toe high heel sandals,"Romantic, ethereal",Semi-formal,"Long sheer beige dress with floral details over a slip dress, paired with nude open-toe heels."
carrie_fringe_dress.png,Dress,Straight,White,Textured with horizontal fringe layers,"Bracelets, Necklace, Small Handbag",Strappy Heels,"Elegant, Feminine",Semi-formal,"White sleeveless straight dress with layered fringe texture, accessorized with bracelets, necklace, and a small handbag, paired with strappy heels."
carrie_fur_coat.png,"Fur coat, patterned midi dress, blue vest","Layered, A-line skirt","Beige (dress), Natural fur color (coat), Blue (vest)","Paisley print on dress, fur texture on coat","Pink handbag, beige shopping bag, necklace",Red open-toe heels,"Eclectic, vintage-inspired, glamorous",Semi-formal,"A layered vintage-inspired outfit featuring a beige paisley midi dress paired with a blue vest and a long fur coat, accessorized with a pink handbag and red heels."
carrie_gray_dress.png,Bodycon dress,"Fitted, mini-length",Black,"Solid, smooth","Sunglasses, handbag",High-heeled sandals,"Chic, casual",Casual to semi-formal,"A black fitted mini bodycon dress paired with high-heeled sandals, brown handbag, and sunglasses."
carrie_gray_going_out_dress.png,Sling top with attached shorts and flowy back panel,"Fitted shorts with a loose, flowing overlay",Beige,Sheer fabric with sequin embellishments,"Clutch bag, possibly black and metallic bracelet",Not visible,"Glamorous, sexy, night-out",Semi-formal / Evening wear,"Beige, fitted sling top with shorts and a flowy back overlay, complemented with sequin details and a lace inset at the neckline."
carrie_green_dress.png,Mini Dress,Bodycon,Green,Sequin with scalloped edges,"Necklace, Pink Clutch",Not visible,"Glamorous, Party",Semi-formal,"A green sequin bodycon mini dress with scalloped edges, accessorized with a necklace and a pink clutch."
carrie_green_rose_dress.png,Strapless Dress with Sleeveless Coat,A-line,Green,Floral,"Black studded belt, gold bracelet, Eiffel Tower handbag",Black strappy heels,"Chic, Feminine",Semi-formal,"A green floral strapless A-line dress paired with a sleeveless floral coat, accessorized with a studded black belt, gold bracelet, and unique Eiffel Tower handbag, complemented by black strappy heels."
carrie_green_ruffle_skirt.png,"Blazer, Tulle Skirt, Camisole","Fitted blazer, A-line skirt","Cream (blazer), Light Green (skirt)","Jacquard texture on blazer, sheer tulle on skirt",Fur clutch,Strappy High Heel Sandals,"Chic, Romantic",Semi-formal,"A cream jacquard blazer paired with a light green tulle A-line midi skirt, accessorized with a fur clutch and strappy high heel sandals, creating a chic and romantic semi-formal look."
carrie_island_bandana.png,Sleeveless blouse and Bermuda shorts,"Loose fit top, slim fitted shorts","White (top), Gray (shorts)","Solid with subtle texture on blouse, solid on shorts","Blue and purple striped headscarf, pink handbag, silver chain necklace",Black high-heeled pumps,Casual chic,Casual,"Woman wearing a loose white sleeveless blouse paired with fitted gray Bermuda shorts, accessorized with a colorful headscarf, handbag, silver necklace, and black high-heeled pumps."
carrie_maroon_top.png,Top and Jeans,Fitted,"Brown (Top), Blue (Jeans)",Solid,Green handbag with sun design,Not visible,Casual,Informal,"A fitted brown halter top paired with blue jeans, accessorized with a green handbag featuring a sun design."
carrie_multicolor_dress.png,Sleeveless Dress,A-line,Multicolor,Abstract/Geometric Print,Black waist belt,Yellow open-toe heels,Casual Chic,Semi-formal,"Sleeveless A-line dress with a multicolor abstract pattern and a black waist belt, paired with yellow open-toe heels."
carrie_naked_dress.png,Mini Dress,Straight,Light Pink,Solid,Earrings,,Minimalist,Semi-Formal,"A light pink, sleeveless mini dress with a straight silhouette and minimalist design."
carrie_navy_dress.png,Dress,A-line,Navy Blue,Solid,"Necklace, Bracelets",Not visible,Elegant,Formal,"Navy blue sleeveless A-line dress with a gathered detail at the neckline, accessorized with a necklace and bracelets."
carrie_newspaper_dress.png,Dress,Fitted bodice with asymmetric hem,White with black print,All-over newspaper print,"Small beaded handbag, necklace",High-heeled open-toe shoes with lace detailing,"Chic, statement",Semi-formal,"White newspaper print asymmetric hem dress paired with sheer lace high-heeled open-toe shoes, accessorized with a small beaded handbag and necklace."
carrie_nude_flower_dress.png,Strapless Dress,A-line,Light Pink,Floral Lace,Necklace,Heeled Sandals,"Elegant, Romantic",Semi-Formal,"A light pink strapless A-line dress with floral lace texture, accessorized with a necklace and black heeled sandals."
carrie_pattern_dress.png,Dress,"Fitted, Asymmetrical Hem",White,Floral and Artistic Print,Gold Bracelet,Strappy Heels,"Casual Chic, Feminine",Semi-Formal,"A white sleeveless fitted dress with a ruffled neckline and asymmetrical hem adorned with colorful floral and artistic prints, paired with strappy heels and a gold bracelet."
carrie_pink_dress.png,Dress,Fit and Flare,Pink,Solid,Black waist belt,High-heeled sandals,Elegant,Semi-formal,"A sleeveless pink fit-and-flare dress with a black waist belt, paired with high-heeled silver sandals."
carrie_pink_dress_studded_belt.png,Dress,Fitted,Pink,Solid color,"Pearl necklace, Studded belt, Metallic handbag",Not visible,"Chic, Elegant",Semi-formal,"A fitted pink sleeveless dress accessorized with a pearl necklace, studded belt, and a metallic handbag."
carrie_pink_flowy_dress.png,Evening gown,Fitted bodice with flowing skirt,Blush pink,"Sheer, layered fabric with subtle shimmer",Clutch bag,Strappy heels,"Elegant, glamorous",Formal,"A blush pink sheer evening gown with a fitted strapless bodice and flowing layered skirt, paired with a clutch bag and strappy heels."
carrie_pink_pants.png,Sleeveless top and high-waisted trousers,Fitted top with straight trousers,White (top) and light pink (trousers),Solid color with a fabric floral accessory and patterned handbag,"Large purple flower on shoulder, patterned handbag",Not visible,Chic and sophisticated,Semi-formal,"A chic outfit featuring a fitted sleeveless white top paired with light pink high-waisted trousers, accessorized with a large purple floral pin and a patterned handbag."
carrie_pink_satin_jacket.png,"Bomber Jacket, Sheer Dress, Cargo Pants","Fitted Bomber Jacket, Straight Cargo Pants, Loose Sheer Dress",Peach,"Sheer with sequins, Satin texture on jacket, Solid Cargo Pants",Pearl Necklace,Open-toe heels,Eclectic,Smart Casual,"Peach satin bomber jacket layered over a sheer sequined dress paired with cropped cargo pants and open-toe heels, accessorized with a pearl necklace."
carrie_pink_wrap_dress.png,Dress,Fitted,Pink,Solid,Necklace,,Chic,Semi-formal,"Fitted pink dress with a V-neckline and gathered fabric detail, accessorized with a delicate necklace."
carrie_pinstripe_suit.png,Pinstripe Blazer and Cropped Pants,Tailored,Navy Blue,Pinstripe,"Brown flat cap, patterned tote bag, thin necklace",White pointed-toe stiletto heels,"Chic, Business Casual",Smart Casual,"A woman wearing a navy blue pinstripe tailored blazer with matching cropped pants, paired with a brown flat cap and white stiletto heels, carrying a patterned tote bag and a magazine."
carrie_plaid_top.png,Button-up shirt and jeans,Fitted,Blue,Plaid,"Neon green wristband, black tote bag",High heels,Casual chic,Casual,"Wearing a short-sleeved blue plaid button-up shirt paired with light blue fitted jeans, accessorized with a neon green wristband and a black tote bag, completed with sparkly high heels."
carrie_print_dress.png,Maxi Dress with Shirt,Loose and Flowing,White with Blue Accents,Floral and Geometric Print,"Pearl Necklace, Bracelet, Crossbody Bag",Platform Sandals,Bohemian Chic,Casual to Semi-Formal,"A white and blue printed maxi dress worn over a light blue button-up shirt, accessorized with a pearl necklace, bracelet, and crossbody bag, paired with dark platform sandals."
carrie_purple_dress.png,Dress,Asymmetrical,Purple,Sheer with solid trim,"Bracelets, Clutch bag",Open-toe heels,"Elegant, Evening wear",Formal,"A purple asymmetrical sheer evening dress with solid trim, accessorized with gold bracelets and a clutch bag, paired with open-toe heels."
carrie_purple_skirt.png,Tube top and pencil skirt,Fitted,Blue (top) and dark navy (skirt),Solid colors,"Necklace with pendant, shoulder bag",Open-toe heels,Casual chic,Smart casual,"A fitted blue tube top paired with a dark navy pencil skirt, accessorized with a pendant necklace and a shoulder bag, completed with open-toe heels."
carrie_rainbow_skirt.png,"Blazer, Skirt, Top","Fitted blazer, A-line skirt","Red (blazer), Multicolor (skirt), Pink (top)","Striped (skirt), Solid (blazer and top)","Necklace, Bracelet, Handbag",Pumps,Casual chic,Semi-formal,"Woman wearing a fitted red blazer over a pink top paired with a colorful striped A-line skirt, accessorized with a necklace, bracelet, and handbag, completed with white pumps."
carrie_red_dress.png,Dress,A-line,Pink,Floral,"White belt, clutch bag",Heels,"Feminine, romantic",Semi-formal,"Pink floral A-line dress with white belt and asymmetrical hemline, paired with nude heels and a feathered clutch."
carrie_red_flower_dress.png,Dress,A-line,Light pink,Floral,"White belt, small earrings, clutch with feathers",Open-toe heels,"Romantic, feminine",Semi-formal,"Light pink floral A-line dress with a ruffled sweetheart neckline, accessorized with a white studded belt, small earrings, a feathered clutch, and open-toe heels."
carrie_red_necklace.png,Tube top and wide-leg pants,"Fitted top with loose, wide-leg pants","Purple (top), Beige (pants)","Solid colors, smooth texture","Long necklace with red pendant, yellow clutch",Not visible,"Casual, 90s inspired",Casual,"Outfit consists of a fitted purple tube top paired with beige wide-leg pants, accessorized with a long necklace with a red pendant and a yellow clutch."
carrie_red_pants.png,"Long coat, blouse, trousers",Straight,"Light blue (coat), white (blouse), red (trousers)",Solid colors,"Neck scarf, shoulder bag",Heeled shoes,"Chic, casual elegance",Smart casual,"Woman wearing a light blue long coat over a white blouse, paired with red trousers and heeled shoes, accessorized with a neck scarf and shoulder bag."
carrie_red_pattern_dress.png,Dress,Fit and Flare,Red,Polka Dots,Handbag,,Retro/Vintage,Casual,"Red fit and flare dress with white polka dots, featuring short sleeves and a deep V-neckline, paired with a white and blue handbag."
carrie_red_white_blue_dress.png,Strapless Dress,A-line,Red and White,Horizontal Stripes,"White Cap, Brooch, Beige Handbag",White Pumps,"Vintage, Nautical",Semi-formal,"Woman wearing a strapless A-line dress with red and white horizontal stripes and navy blue accents, accessorized with a white cap, brooch, beige handbag, and white pumps."
carrie_ruffle_dress.png,Dress,Fitted with ruffles,Light pink,Floral,"Necklace, Pink handbag",Open-toe heels,"Romantic, Feminine",Semi-formal,"Light pink fitted dress with floral pattern and ruffle details, accessorized with a necklace and pink handbag, paired with open-toe heels."
carrie_ruffle_pink_dress.png,Strapless Ruffled Dress,Fitted bodice with flared skirt,Pink,Ruched bodice with layered ruffles,"Colorful headscarf, gold chunky necklace, multicolored striped tote bag, blue handbag",White high heels,"Eclectic, playful with a vintage vibe",Casual to semi-formal,"A pink ruched strapless dress with layered ruffles styled with a colorful headscarf, chunky gold necklace, and bright striped tote bag, paired with white high heels."
carrie_satin_blue_dress.png,Slip Dress,Straight,Light Blue,Solid Satin,Pendant Necklace,Not Visible,Casual Elegant,Casual,"Light blue satin slip dress with thin straps and a straight silhouette, accessorized with a pendant necklace."
carrie_satin_dress.png,"Trench Coat, Satin Corset Top, Pleated Midi Skirt","A-line Skirt, Fitted Top, Loose Outerwear","Beige, Light Blue, Dark Gray","Solid Colors, Satin Texture",None visible,Clear High Heels,"Chic, Evening Wear",Formal,"A chic formal outfit featuring a beige trench coat, a light blue satin fitted corset top, a dark gray pleated midi skirt with a distressed hem, and clear high heels."
carrie_striped_dress.png,Strapless Dress,A-line,"Multicolor (pink, beige, brown, black)",Color block,"Black waist belt, large beige handbag, headscarf, sunglasses",White platform high heels,Casual chic,Smart casual,"A strapless A-line color-block dress with a black waist belt, paired with white platform heels, a beige handbag, a headscarf, and sunglasses for a casual chic look."
carrie_tulle_red_skirt.png,"Sequin top, Tulle skirt, Plaid coat",A-line,Burgundy/Deep Red,"Sequin (top), Tulle overlay (skirt), Plaid (coat)","Pink beret, Earrings, Brown snakeskin handbag",Pink strappy high heels,"Eclectic, Feminine, Bold",Formal,"A burgundy layered tulle skirt paired with a bright pink sequin top, worn under a long plaid coat. The outfit is accessorized with a pink beret, statement earrings, a brown snakeskin handbag, and pink strappy heels."
carrie_warm_red_dress.png,Slip Dress,Straight,Orange,Tie-Dye,"Belt, Gold Necklace, Woven Handbag",Open-toe Sandals,"Bohemian, Casual Chic",Casual,"Orange tie-dye slip dress with a breezy straight silhouette, accessorized with a studded belt, gold necklace, and woven handbag, paired with open-toe sandals."
carrie_wedding_dress.png,Wedding Dress,Ball Gown,Ivory,"Satin, smooth, shiny","Veil with feathers, earrings, bouquet",Not visible,"Classic, romantic",Formal,"A strapless ivory satin ball gown wedding dress with a large veil detailed with feathers, paired with a floral bouquet."
carrie_wedding_dress2.png,Ball Gown,Full Skirt,Ivory,"Solid, Smooth Satin","Feathered Fascinator with Veil, Teal Gloves",Pointed-Toe Heels,"Elegant, Vintage Glamour",Formal,"Ivory satin ball gown with a full skirt and fitted bodice, accessorized with a teal feathered fascinator and matching gloves, paired with teal pointed-toe heels."
carrie_white_crop_top.png,Tube top and high-waisted pants,Fitted top with loose pants,White,"Solid color, smooth texture",Long pearl necklace,Not visible,Casual chic,Casual,A woman wearing a fitted white tube top paired with high-waisted white pants and accessorized with a long pearl necklace.
carrie_white_dress.png,Slip Dress,Fitted,White,"Solid, Smooth","Small handbag, Necklace",Flat Sandals,"Minimalist, Casual Chic",Casual to Semi-Formal,"A fitted white slip dress with a deep neckline, paired with flat embellished sandals and a small handbag, reflecting a minimalist and casual chic style."
carrie_white_suit.png,"Vest, Button-down Shirt, Trousers",Tailored,Ivory and Pink,"Striped (Shirt), Solid (Vest and Trousers)","Black necktie, Small clutch, Hat box",Open Toe High Heels,"Chic, Business Casual",Smart Casual,"A chic, tailored ivory vest and trousers paired with a pink striped button-down shirt, accessorized with a black necktie, clutch, and open toe high heels."
charlotte_all_white.png,T-shirt and skirt,Fitted top with pleated skirt,White,"Solid, smooth",Black wristwatch,Not visible,Casual,Informal,"A woman is wearing a fitted white V-neck T-shirt paired with a white pleated skirt, accessorized with a black wristwatch."
charlotte_black_business.png,Dress,Bodycon,Black,Solid,"Pearl Necklace, Handbag",Not visible,"Classic, Elegant",Semi-formal,"A black bodycon dress with three-quarter sleeves, worn with a pearl necklace and carrying a handbag, suitable for semi-formal occasions."
charlotte_black_dress.png,Dress,A-line,Black,Solid,"Bracelet, Earrings",,Elegant,Formal,Black halter neck A-line formal dress with minimal accessories.
charlotte_blue_dress.png,Coat,Straight,Blue,Solid,"Pink handbag, Beige and pink floral hat, Ring",,"Chic, Classic",Smart Casual,A blue double-breasted straight coat with gold buttons paired with a beige and pink floral hat and a bright pink handbag.
charlotte_blue_white_dress.png,Strapless Dress,Fit and Flare,Blue and White,Checkered,"Pink Belt, Sunglasses",White Heels,Casual Chic,Semi-Formal,"A strapless fit and flare dress with a blue and white checkered pattern, accessorized with a pink belt and white heels, paired with sunglasses for a casual chic, semi-formal look."
charlotte_business_chic.png,Two-piece outfit (Top and Knee-length Skirt),Fitted,Black,Solid,"Necklace, Earrings, Bracelet, Rings",Pointed Toe Pumps,"Classic, Elegant",Semi-formal,"A woman wearing a fitted black V-neck short sleeve top paired with a knee-length black skirt and glittery pointed toe pumps, accessorized with simple jewelry."
charlotte_cream_skirt.png,Top and Skirt,Fitted top with an A-line skirt,Light pink (top) and multi-color tweed (skirt),"Ribbed texture on top, tweed texture on skirt","White wide double buckle belt, glasses, bracelet",Not visible,"Chic, sophisticated office wear",Business casual,"Woman wearing a light pink ribbed short-sleeve top tucked into a multi-colored tweed A-line skirt, accessorized with a white wide double buckle belt and glasses."
charlotte_dotted_dress.png,Dress,A-line,White,Floral pattern,Pink belt,Strappy sandals,"Vintage, feminine",Casual to semi-formal,"White sleeveless A-line dress with a floral pattern and a pink belt, paired with strappy sandals."
charlotte_floral_white_dress.png,Dress,A-line,White,Floral and bird print,"Belt, handbag, watch",Heels,"Classic, feminine",Semi-formal,"A white A-line dress with green floral and bird prints, accessorized with a belt, green handbag, and white heels."
charlotte_flower_dress.png,Dress,Fit and flare,Black and white,Floral with abstract black web-like pattern,"Quilted cream handbag with chain strap, black belt, wristwatch",Not visible,"Chic, feminine",Semi-formal,Strapless black and white floral fit and flare dress paired with a black belt and cream quilted handbag.
charlotte_formal_suit.png,"Long Coat, Turtleneck Sweater",Straight,Black,Solid,None visible,Not visible,"Classic, Minimalist",Casual to Semi-Formal,"Woman wearing a long black coat over a grey turtleneck sweater, styled in a classic and minimalist manner."
charlotte_lime_skirt.png,Sleeveless Blouse and Printed Skirt,Fitted Blouse with A-line Skirt,Green,Polka Dot and Abstract Print on Skirt,"Pearl Necklace, Headband, Watch, Handbag, Hairbrush",Not Visible,Preppy and Classic,Casual to Smart Casual,"A fitted white sleeveless blouse paired with a bright green A-line skirt featuring polka dot and abstract prints. Accessories include a pearl necklace, pink headband, wristwatch, and a round pink handbag. A green sweater is draped over the shoulders."
charlotte_lipstick_skirt.png,Blouse and skirt,Fitted blouse with an A-line skirt,White,Solid blouse with a printed skirt featuring a lipstick pattern,"Earrings, wristwatch, shoulder bag",Not visible,"Chic, stylish",Smart casual,"A woman wearing a fitted white button-up blouse paired with a high-waisted A-line skirt printed with a lipstick pattern, accessorized with earrings, a wristwatch, and carrying a shoulder bag."
charlotte_navy_pants.png,"Sleeveless top, High-waisted pants","Fitted top, Slim pants","White (top), Black (pants)","Solid, smooth texture","White handbag, Hoop earrings",Black open-toe heels,Casual chic,Smart casual,"Woman wearing a fitted white sleeveless high-neck top paired with slim black high-waisted pants, accessorized with a white handbag and black open-toe heels."
charlotte_navy_skirt.png,Turtleneck Top,Fitted,White,Solid,"Sunglasses, Wristwatch, Ear studs, Chain strap bag",Not visible,Casual Chic,Casual,"Woman wearing a fitted white short-sleeve turtleneck top with sunglasses, a wristwatch, and a dark skirt, exuding a casual chic look."
charlotte_orange_dress.png,Dress with Shawl,Fitted,Orange,Floral,Shawl,Not visible,"Casual, Bohemian",Casual,"Fitted orange floral dress paired with a light purple shawl draped over shoulders, casual bohemian look."
charlotte_orange_floral_dress.png,Dress,Fitted with exaggerated puff sleeves,Orange,Floral print,Small handbag,Not visible,"Bold, elegant, statement",Formal,"A fitted orange floral dress with large puff sleeves and a square neckline, styled with a small box-shaped handbag."
charlotte_pattern_skirt.png,"Blazer, Skirt",Fitted blazer with A-line skirt,"Black, White, Brown",Plaid Skirt with Tweed Texture,"Handbag, Necklace",High Heels,"Classic, Professional",Business Formal,"A classic black and white fitted blazer paired with a brown plaid tweed knee-length skirt, accessorized with a structured handbag and high heels, suitable for a professional business setting."
charlotte_pink_birthday_dress.png,Dress,"Fitted, Strapless",Pink,"Solid color, slightly textured fabric","Black belt, white handbag, earrings",Not visible,"Elegant, Classic",Semi-formal,"A fitted strapless pink dress with a black belt, accessorized with a white handbag and earrings, presenting a classic and elegant semi-formal look."
charlotte_pink_dress.png,Strapless dress,Fitted pencil,Pink,Solid,"White handbag, bracelet, earrings, rings",Flat sandals,Elegant casual,Semi-formal,"A fitted strapless pink pencil dress with a black belt, accessorized with white handbag, jewelry, and pink flat sandals."
charlotte_pink_formal_top.png,Button-up Shirt and High-Waisted Pants,Fitted Top with Straight-Leg Pants,Pink (Shirt) and Dark Gray (Pants),Solid Color,None Visible,Not Visible,Business Casual,Semi-Formal,"Woman wearing a fitted pink button-up shirt tucked into high-waisted dark gray pants, presenting a business casual look."
charlotte_pink_knitted_dress.png,Sleeveless Dress,A-line,Pink,Tweed,"Wide belt, Handbag, Ring, Watch",High heels,"Chic, Classic",Semi-formal,"Pink sleeveless tweed A-line dress paired with a wide belt, a beige handbag, and nude high heels for a chic semi-formal look."
charlotte_pink_ombre_dress.png,Slip dress,"Fitted, straight",Pink with red gradient,Solid ombre,"Red tote bag, plaid handbag, silver hoop earrings, watch",Open-toe heels,"Elegant, feminine",Semi-formal,"Woman wearing a fitted pink-to-red ombre slip dress with ruffle cap sleeves, accessorized with a red tote bag, plaid handbag, silver hoop earrings, watch, and open-toe heels."
charlotte_pink_purse.png,"Belted jacket, Jeans",Structured jacket with straight-leg jeans,"Gray (jacket), Blue (jeans)","Solid color, subtle texture on jacket",Pink handbag,Pointed heels,Casual chic,Smart casual,"Woman wearing a structured gray belted jacket over a black top, paired with cuffed blue jeans, silver pointed heels, and carrying a bright pink handbag."
charlotte_pink_top.png,Spaghetti Strap Tank Top and Printed Skirt,Fitted top with A-line skirt,Magenta top and white skirt with magenta floral print,Solid top with floral print on skirt,Small magenta shoulder bag and white beaded bracelet,Not visible,Casual chic,Casual,"Person wearing a fitted magenta spaghetti strap tank top paired with a white skirt featuring a magenta floral pattern, accessorized with a small magenta shoulder bag and a white beaded bracelet."
charlotte_pink_top_jeans.png,"V-neck top, high-waisted jeans","Fitted top, relaxed straight-leg jeans","Light pink (top), dark blue (jeans)",Solid colors,Bracelet,,Casual,Casual,"Light pink fitted V-neck top paired with dark blue high-waisted relaxed straight-leg jeans, accessorized with a bracelet."
charlotte_polka_dot_dress.png,Dress and Trench Coat,Shift Dress with Loose Trench Coat,White and Pink,Polka Dot,Bracelets,Not Visible,"Chic, Casual",Semi-formal,"A white shift dress with black polka dots paired with a loose pink trench coat, accessorized with bracelets."
charlotte_polka_dot_pants.png,Top and Pants,"Fitted top, high-waisted pants",Black (top) and White with black dots (pants),Solid (top) and Polka dot (pants),Bracelet,Not visible,"Casual, Classic",Casual,"A black fitted short-sleeve top paired with high-waisted white pants featuring a black polka dot pattern, accessorized with a bracelet."
charlotte_polka_dot_skirt.png,Blouse and Midi Skirt,Puffy Sleeves and A-line,White and Blue,Solid (blouse) and Polka Dots (skirt),"Small handbag, necklace, and belt",Heels,"Chic, Feminine",Semi-formal,"A woman wearing a white blouse with puffy sleeves paired with a blue midi pleated skirt with white polka dots, accessorized with a small handbag, yellow belt, butterfly necklace, and yellow heels."
charlotte_polka_dot_top.png,Two-piece outfit (blouse and skirt),Fitted top with A-line skirt,Pink (top) and White (skirt),"Polka dots on blouse, solid skirt",Shoulder bag,Open-toe heels,Casual chic,Semi-formal,"Woman wearing a pink polka dot fitted blouse with puff sleeves paired with a white A-line skirt, accessorized with a shoulder bag and open-toe heels."
charlotte_purple_pattern_dress.png,Dress,Fitted,Purple,Geometric pattern,None visible,Not visible,Chic,Semi-formal,Fitted purple halter neck dress with geometric pattern.
charlotte_purple_sweater.png,Spaghetti Strap Top and Skirt,Fitted,White (top) and Black (skirt),Solid,"Purple Scarf, Earrings, Black Belt",Not visible,Chic,Semi-formal,"Woman wearing a fitted white spaghetti strap top tucked into a black skirt with a black belt, accessorized with a purple scarf draped around her neck and earrings."
charlotte_ralph_lauren_top.png,Sweater,Fitted,Black,Graphic Print,Red Shoulder Bag,Not Visible,Casual,Casual,"Fitted black sweater with a large graphic print on the front, paired with dark jeans and a red shoulder bag."
charlotte_red_blue_skirt.png,Top and Skirt,Fitted top with flared skirt,Red (top) and light blue with floral print (skirt),"Floral (skirt), Solid (top)",,,Casual feminine,Casual,A fitted red sleeveless top with white tie details paired with a light blue flared skirt featuring a floral print.
charlotte_red_bodycon_dress.png,Slip Dress,Bodycon,Red,Solid,Handbag,Open Toe Sandals,"Elegant, Classic",Semi-Formal,"A fitted red slip dress with thin straps, paired with open toe sandals and a matching handbag, perfect for evening occasions."
charlotte_red_dress.png,Slip Dress,Bodycon,Red,Black Floral Pattern,,Not Visible,"Elegant, Romantic",Evening/Occasion Wear,"A red bodycon slip dress with thin straps and black floral patterns, featuring a delicate lace trim along the neckline."
charlotte_red_floral_dress.png,Dress,Fit and Flare,Red,Floral Print,Earrings,,Elegant,Semi-formal,"Woman wearing a red fit-and-flare dress with a floral print and a deep V neckline, accessorized with earrings."
charlotte_red_skirt.png,Crop Top and Wide-Leg Pants,Fitted crop top with flowy wide-leg pants,White top with red pattern and solid red pants,"Floral pattern on top, subtle circular pattern on pants",Dangling earrings,Not visible,"Casual, summer beachwear",Casual,"A casual summery outfit featuring a white floral crop top paired with loose, flowy red wide-leg pants."
charlotte_red_top.png,"Cardigan, Trousers",Fitted top with straight cropped trousers,"Burgundy (top), Grey (trousers)",Solid colors,Eyeglasses,Black loafers,Casual business,Business casual,Woman wearing a burgundy fitted cardigan over a matching top paired with grey straight cropped trousers and black loafers. She is also wearing eyeglasses.
charlotte_rose_dress.png,Dress,A-line,Red,Floral,"Pink handbag, bracelets, earrings",Strappy high-heeled sandals,"Chic, feminine",Semi-formal,"A red floral A-line dress with three-quarter sleeves paired with red strappy high-heeled sandals and a pink handbag, styled in a chic and feminine look suitable for semi-formal occasions."
charlotte_sheer_black_top.png,Top,Fitted,Black,Sheer,"Small black handbag, bracelet, earrings",,"Elegant, Evening",Semi-formal,"Fitted black sheer top with cap sleeves and a small bow detail, paired with a small black handbag and subtle jewelry for a semi-formal evening look."
charlotte_silver_skirt.png,Top and Skirt,Fitted top with straight skirt,"White (top), Light gray (skirt)",Solid colors,"Necklace, Headband, Patterned handbag",None visible,"Casual, Minimalist",Casual,"A woman wearing a fitted white spaghetti strap top paired with a light gray straight skirt, accessorized with a necklace, headband, and a colorful patterned handbag."
charlotte_snowy_pink.png,Long Coat,Straight,Pink,"Solid, Fuzzy","White Knit Scarf, White Hat, Striped Earmuffs, Black Chain Strap Shoulder Bag",Pink Ankle Boots,"Cozy, Feminine, Winter",Casual,Woman wearing a long pink fuzzy coat with white winter accessories and pink ankle boots in a snowy setting.
charlotte_striped_dress.png,Tube dress,Fitted,Light blue and white,Plaid,Small hoop earrings,Not visible,"Casual, feminine",Semi-casual,"Fitted tube dress with a light blue and white plaid pattern, featuring a small front keyhole cutout and a bow-like detail on the top edge."
charlotte_striped_skirt.png,Top and Skirt,A-line Skirt with Fitted Top,Black and White,Solid Black Top with Ruffle Detail; Bold Black and White Striped Skirt,None visible,White Strappy Sandals,Chic and Elegant,Semi-formal,"Black ruffled short-sleeve top paired with a high-waisted, bold black and white striped A-line midi skirt, complemented by white strappy sandals."
charlotte_tan_dress.png,Slip Dress,Bias-cut,Champagne,Solid Satin,"Red crossbody bag, small earrings, bracelet",Strappy Heels,"Elegant, Minimalist",Semi-formal,A champagne-colored satin slip dress with thin straps and a bias-cut silhouette paired with strappy heels and a red embroidered crossbody bag.
charlotte_teal_dress.png,Dress,A-line,White,Polka dots,"Earrings, bracelet",Not visible,"Casual, feminine",Casual to semi-formal,"White sleeveless A-line dress with button-down front and polka dot texture, accessorized with earrings and bracelet."
charlotte_wedding_dress.png,Wedding Dress,Mermaid,White,Lace and Sheer Fabric with Tiered Ruffles,Veil,Not Visible,"Elegant, Classic",Formal,"A white mermaid-style wedding dress with lace detailing, tiered ruffles at the bottom, and a sheer veil."
charlotte_white_black_skirt.png,Sweater and Skirt,Fitted top with A-line skirt,White and Black,Solid with striped accents,None visible,Knee-high boots,Preppy,Casual,White fitted sweater with black striped accents paired with a black pleated skirt and white knee-high boots.
charlotte_white_bucket_hat.png,Button-up blouse,Fitted,White,Sheer panels,"Bucket hat, Necklace",,Casual chic,Casual,"A white fitted button-up blouse with sheer panels, paired with a white bucket hat and a delicate necklace."
charlotte_white_coat.png,Coat,Fitted,White,Solid,Buttons,High Heels,Chic,Formal,"A white fitted double-breasted coat with large buttons, paired with red high heels."
charlotte_white_coat_black_purse.png,Trench Coat,Fitted,Light Beige,Solid,Black structured handbag,Not visible,"Classic, Elegant",Formal,"A light beige fitted trench coat with a belt at the waist, solid texture, paired with a black structured handbag."
charlotte_white_dress.png,Dress,Fitted,White,Solid,"Necklace, Earrings",Heeled Sandals,"Elegant, Evening",Semi-formal,"White strapless fitted dress paired with statement necklace and heeled sandals, suitable for a semi-formal evening event."
charlotte_white_dress_black_detail.png,Dress,A-line,White,Solid with decorative black flower detail,Earrings,High-heeled sandals,"Elegant, Classic",Semi-formal,"Strapless white A-line dress with a black flower detail at the waist, paired with high-heeled sandals and statement earrings."
charlotte_white_ralph_lauren_top.png,Sweater,Fitted,White,Knitted with a large pink polo player graphic,Small stud earrings,,Casual,Casual,"Fitted white knitted sweater featuring a large pink polo player design, styled casually with small stud earrings."
charlotte_white_short_dress.png,Slip Dress,A-line,White,Floral lace on bodice,,Not visible,"Delicate, Feminine",Casual,White slip dress with floral lace bodice and a flowing A-line skirt.
charlotte_yellow_skirt.png,Blouse and Midi Skirt,A-line,White and Yellow,"Floral Pattern on Skirt, Sheer/Textured Sleeves on Blouse",White Handbag,Pumps,"Chic, Feminine, Elegant",Semi-formal,"Woman wearing a white blouse with sheer puff sleeves and a white collar, paired with a yellow floral A-line midi skirt and yellow pumps, accessorized with a white handbag."
miranda_aqua_wrinkled_dress.png,Kurta,Straight,Mint Green,Solid,None visible,Not visible,Casual traditional,Casual,"A mint green straight silhouette kurta with long sleeves and a small neckline slit, worn casually."
miranda_black_dress.png,Sleeveless Dress,A-line,Black,Solid,"Black belt, Bracelet, Watch, Black handbag",Not visible,"Classic, Professional",Business Casual,"A black sleeveless A-line dress with a wide collar, cinched at the waist with a black belt, accessorized with bracelets, a watch, and a black handbag."
miranda_black_dress_formal.png,Dress,Sheath,Black,"Solid, sheer mesh upper","Earrings, necklace",Open-toe ankle strap heels,"Elegant, sophisticated",Formal,A black sheath dress with a sheer mesh upper portion paired with black open-toe ankle strap heels.
miranda_black_dress_white_string.png,"Blazer, Dress",Straight,"Black, Beige",Solid,"White rope belt, Bag",Not visible,"Minimalist, Professional",Business Casual,"A woman wearing a black straight dress with a white rope belt, paired with a beige blazer and carrying a matching beige bag."
miranda_black_white_dress.png,Dress,A-line,Black and White,Bold geometric pattern,"Gold metallic belt, metallic handbag",Open-toe heels,"Chic, modern",Semi-formal,"Black and white geometric patterned A-line dress with three-quarter sleeves, accessorized with a gold metallic belt and a matching metallic handbag, paired with white open-toe heels."
miranda_blue_dress.png,Slip Dress,Loose,Navy Blue,Solid,,Not visible,Minimalist,Casual,"A woman wearing a navy blue loose-fitting slip dress with thin straps, minimal accessories, in a casual style."
miranda_blue_scarf.png,Coat,Straight,Dark Purple,"Solid, Textured fabric","Blue scarf, Purple gloves, Quilted handbag with chain strap",High heels,"Chic, Elegant",Semi-formal,"Dark purple straight coat paired with a blue scarf, purple gloves, quilted handbag, and brown high heels, creating a chic and elegant look."
miranda_blue_top.png,Button-up shirt,Loose fit,Blue,Solid color,Neck brace,Not visible,Casual,Casual,Woman wearing a loose-fitting blue button-up shirt with a neck brace.
miranda_blue_top_baggy.png,Button-up shirt,Straight,Light blue,Solid,Shoulder bag,,Casual,Business casual,Light blue button-up shirt with rolled sleeves paired with a color-blocked shoulder bag.
miranda_bronze_dress.png,Dress,A-line,Champagne,Subtle abstract pattern with sheen,"Wide embellished belt, gold bangles, clutch bag",High heels,"Chic, elegant",Semi-formal,"Champagne A-line dress with a wrap bodice, subtle abstract pattern, paired with a wide embellished belt, gold bangles, a clutch bag, and high heels."
miranda_brown_top.png,Button-up Shirt and Vest,Fitted,Light Pink (Shirt) and Brown (Vest),"Pinstripe (Vest), Solid (Shirt)",Small earrings,Not visible,Business Casual,Medium,"Light pink button-up shirt paired with a fitted brown pinstripe vest, styled in a business casual look."
miranda_brown_top_casual.png,Sweater and Jeans,Loose fit top with fitted bottom,Black,Solid with white trim,,Not visible,Casual,Casual,Black loose-fitting sweater with white trim paired with dark fitted jeans.
miranda_colorful_shirt.png,"Long Sleeve Sweater, Skirt",Fitted,"Multicolor (Green, Blue, Maroon, Red)",Abstract Graphic,Shoulder Bag,Not visible,"Casual, Artistic",Casual,"A fitted, multicolor long sleeve sweater with abstract graphic patterns worn with a red skirt and a shoulder bag."
miranda_cream_pantsuit.png,Blazer and Pencil Skirt,Tailored,Beige,Solid,"Red Handbag, Hoop Earrings",High Heels,"Professional, Business",Formal,"A tailored beige blazer and pencil skirt outfit paired with a teal blouse, red handbag, and red high heels, suitable for a formal business setting."
miranda_dark_purple_top.png,Jacket and Dress,Loose fit jacket with an A-line dress,Light purple jacket and dark purple dress,"Solid colors, no visible pattern",Necklace and bracelet,Not visible,Casual chic,Semi-formal,A woman wears a light purple loose fit jacket over a dark purple A-line dress with simple jewelry accessories.
miranda_denim_dress.png,Denim Dress,Fitted,Blue,Solid Denim,"Wide Belt, Hoop Earrings, Tote Bag",Flat Sandals,Casual,Casual,"A casual fitted blue denim dress with short sleeves, accessorized with a wide belt, hoop earrings, a white tote bag, and flat sandals."
miranda_formal_suit.png,Blazer and button-up shirt with tie,Structured,Black,Solid,"Tie, belt",,Business formal,High,"Woman wearing a structured black blazer over a white button-up shirt with a black tie, presenting a business formal look."
miranda_gray_open_suit.png,Blazer and blouse,Structured,Gray,Solid,"Earrings, handbag",,Business formal,Formal,"A woman wearing a structured gray blazer over a white blouse, accessorized with earrings and carrying a handbag."
miranda_gray_suit.png,Blazer and Shirt,Fitted,Gray,Solid,"Watch, Ring, Earrings",Not visible,"Professional, Business",Formal,"A fitted gray blazer worn over a white collared shirt, accessorized with a watch, ring, and earrings, suitable for a professional business setting."
miranda_green_skirt.png,Sleeveless top and long skirt,"Fitted top with a straight, maxi skirt",Green,"Floral on top, solid color on skirt","Wide-brimmed hat, brown bracelet, brown handbag",Not visible,Casual summer,Casual,"Woman wearing a green floral sleeveless top paired with a long green skirt, accessorized with a wide-brimmed hat, brown bracelet, and a brown handbag."
miranda_green_suit.png,Blazer and Pants Set,Tailored,Olive Green,Solid,"Neck tie, Beaded Necklace",,Business Formal,High,"Tailored olive green blazer with matching pants, styled with a patterned necktie and beaded necklace for a professional and polished look."
miranda_leather_jacket.png,Leather Coat,Straight,Black,Smooth,"Sunglasses, Ring",,"Edgy, Casual",Casual,"Person wearing a black leather coat with a straight silhouette, accessorized with sunglasses and a ring, holding a cup."
miranda_light_blue_dress.png,Slip dress,Straight,Blue,Floral lace,,Not visible,Lingerie-inspired,Casual,A blue floral lace slip dress with thin spaghetti straps and a straight silhouette.
miranda_maroon_jumpsuit.png,Jumpsuit,Wide-leg,Burgundy,Solid,"Clutch bag, Wristwatch",Heeled shoes,"Elegant, Evening wear",Formal,"Elegant burgundy wide-leg jumpsuit with a halter neckline, accessorized with a clutch bag and wristwatch, suitable for formal evening occasions."
miranda_navy_dress.png,"Blazer, Dress",Straight,"Beige, Navy Blue",Solid,Handbag,Heeled Pumps,"Classic, Chic",Semi-Formal,"Woman wearing a beige blazer over a navy blue dress, paired with two-tone heeled pumps and carrying a stylish handbag."
miranda_neon_orange_jumper.png,Jacket with hoodie,Loose fit,"Orange (jacket), Yellow (hoodie)","Solid color, smooth texture",None visible,Not visible,Casual,Informal,"An orange loose-fitting jacket layered over a yellow hoodie, both solid colors, worn in a casual informal style."
miranda_olive_top.png,Sleeveless top and pencil skirt,Fitted,Olive green (top) and navy blue (skirt),"Solid colors, smooth texture","Small handbag, earrings",Strappy sandals,Chic and modern,Semi-formal,"A fitted olive green sleeveless top paired with a navy blue pencil skirt, accessorized with strappy sandals and a small handbag, suitable for a semi-formal occasion."
miranda_orange_skirt.png,Long sleeve top and long skirt,Fitted top with flowy skirt,Brown top and orange skirt,Solid colors,Necklace,Not visible,Casual chic,Casual,"Fitted brown long sleeve top paired with a flowy orange long skirt, accessorized with a delicate necklace."
miranda_orange_swimsuit.png,Bikini top and high-waisted skirt,Fitted top with a slightly flared skirt,Orange,Fruit print with leaf details,Sunglasses (on head),Not visible,"Casual, Beachwear",Casual,"Woman wearing an orange fruit-printed bikini top paired with a matching high-waisted skirt, accessorized with sunglasses on her head, suitable for beach or poolside settings."
miranda_orange_top.png,T-shirt and Maxi skirt,Fitted top with flowy bottom,"Orange (top), Pink (skirt)","Solid orange top, patterned pink skirt","Necklace, Shoulder bag",Not visible,Casual,Casual,"Fitted orange short-sleeve T-shirt paired with a flowy, patterned pink maxi skirt, accessorized with a necklace and a shoulder bag."
miranda_pink_skirt.png,"Blazer, Satin Skirt","Loose-fitting top, straight skirt","Navy blue (blazer), pink (skirt)","Solid color, smooth texture",Black handbag,Black closed-toe shoes,Casual chic,Semi-formal,"A person wearing a navy blue blazer over a black top paired with a shiny pink satin straight skirt, black closed-toe shoes, and carrying a black handbag."
miranda_pink_skirt2.png,"Jacket, Skirt","Loose-fitting jacket, Straight skirt","Blue (jacket), Pink (skirt)",Solid color,None visible,Flat shoes,Casual,Casual,"A casual outfit featuring a loose-fitting blue jacket over a dark top, paired with a straight pink skirt and flat shoes."
miranda_pink_top.png,T-shirt and Sweatpants,Loose,"Red (T-shirt), Dark Gray (Sweatpants)",Solid,,Not visible,Casual,Informal,"Woman wearing a loose red T-shirt paired with dark gray loose sweatpants, styled casually for comfort."
miranda_purple_overalls.png,"Puffer jacket, overalls, sweatshirt",Loose fit,Purple,Solid color,Cap,Sneakers,"Casual, streetwear",Casual,"Loose-fitting purple puffer jacket layered over purple denim overalls and a sweatshirt, accessorized with a cap and white sneakers for a casual streetwear look."
miranda_purple_suit.png,Blazer and Pencil Skirt,"Tailored, Fitted",Purple,"Solid color, smooth texture","Necklace, Earrings, Brown Clutch",White Pumps,"Professional, Business",Formal,"A formal purple tailored blazer paired with a matching pencil skirt, accessorized with layered necklaces, a brown clutch, and white pumps, presenting a professional business look."
miranda_purple_top.png,Blazer and Skirt,Fitted,Black,Solid,"Earrings, Necklace, Handbag",,Business Professional,Formal,"Woman wearing a black fitted blazer and skirt with a light purple fitted tank top underneath, accessorized with earrings, a necklace, and carrying a handbag."
miranda_red_shoes.png,"Trench Coat, Turtleneck Sweater, Cargo Pants",Loose Fit,"Brown (Coat), Black (Sweater), Olive Green (Pants), Red (Shoes)","Solid Colors, Ribbed Texture (Sweater)",None visible,Ankle Boots,"Casual, Urban",Casual,Woman wearing a loose-fitting brown trench coat over a black ribbed turtleneck sweater paired with olive green cargo pants and red ankle boots.
miranda_red_suit.png,Suit (blazer and pants) with blouse,"Tailored, fitted",Dark burgundy (suit) and red (blouse),"Solid colors, smooth texture","Small red handbag, ring",Not visible,"Professional, business formal",High,"Tailored dark burgundy pantsuit paired with a red blouse, accessorized with a small red handbag, perfect for a formal business setting."
miranda_red_top.png,Long Sleeve Shirt and Pants,Straight,"Rust Red (Shirt), Beige (Pants)",Solid with some detailing on shirt sleeves,"Belt, Shoulder Bag",Open-toe Heels,Casual Chic,Smart Casual,"Rust red fitted long sleeve shirt paired with beige straight-leg pants, accessorized with a belt and shoulder bag, completed with open-toe heels."
miranda_sporty_blue.png,Hoodie and Wide-Leg Pants,Relaxed fit,"Teal (hoodie), Navy blue (pants)",Solid,Black bucket hat,White sneakers,Casual streetwear,Casual,"Person wearing a teal hoodie with navy wide-leg pants, paired with white sneakers and a black bucket hat, in a relaxed casual streetwear style."
miranda_sporty_purple.png,Hooded Sweatshirt,Fitted,Purple,Solid,,Not visible,Casual,Casual,A fitted purple hooded sweatshirt with a zipper worn casually.
miranda_striped_dress.png,Dress,Loose top with cinched waist,"Multicolor (green, white, black, orange, gold stripes)",Striped,"Earrings, belt, handbag",High-heeled sandals,"Chic, modern",Semi-formal,"A multicolored striped dress with a loose top and cinched waist, accessorized with earrings, a belt, a handbag, and high-heeled sandals."
miranda_striped_suit.png,Pinstripe Blazer and Pencil Skirt Set,Tailored,Black,Pinstripe,"Earrings, Handbag",Pointed Toe Heels,"Professional, Business",Formal,"Woman wearing a tailored black pinstripe blazer and pencil skirt with a white collared shirt, accessorized with earrings, a handbag, and pointed toe heels."
miranda_striped_sweater.png,Blazer and patterned top,Fitted blazer with a close-fitting knit top,Black (blazer) and Multicolor (top),Chevron/multicolor striped pattern on the top,Layered necklace,Not visible,Business casual,Semi-formal,"A fitted black blazer worn over a multicolor chevron-patterned knit top, accessorized with a layered necklace, embodying a business casual style."
miranda_tan_sweater.png,Off-shoulder sweater,Relaxed fit,Beige,Geometric zigzag pattern,Earrings,,Bohemian,Casual,"Beige off-shoulder sweater with a geometric zigzag pattern, worn with earrings, presenting a relaxed and casual bohemian look."
miranda_teal_dress.png,Dress,Fitted,"Multi-color (dominantly light green, red, purple)",Abstract floral print,"Tan handbag, red bracelet",Red wedge sandals,Casual chic,Casual,Fitted short-sleeve floral print dress with a wrapped waist paired with red wedge sandals and a tan handbag.
miranda_tied_sweater.png,"Sleeveless top, knit sweater, high-waisted trousers",Fitted top with relaxed straight-leg trousers,"White (top), beige (sweater), dark grey (trousers)","Solid colors, knit texture on sweater",Wristwatch,Not visible,"Casual, classic",Casual,"Woman wearing a white sleeveless top with a beige knit sweater draped over her shoulders and dark grey high-waisted trousers, accessorized with a wristwatch."
miranda_tree_shirt.png,Tank top and wide-leg cropped pants,"Fitted top with loose, wide-leg pants",Olive green (pants) and dark brown with multicolor design (top),"Printed graphic pattern on the top, solid pants",White handbag,Strappy sandals,Casual chic with artistic flair,Casual,"Woman wearing a dark brown graphic tank top paired with olive green wide-leg cropped pants, strappy sandals, and carrying a white handbag."
miranda_wavy_striped_top.png,Blouse and Pencil Skirt,Fitted,Dark Green and Black,"Abstract Pattern on Blouse, Solid on Skirt",Earrings,Not Visible,"Professional, Business Formal",Formal,"Woman wearing a dark green abstract patterned fitted blouse paired with a solid black fitted pencil skirt, accessorized with earrings."
miranda_white_skirt.png,Blouse and Skirt,A-line skirt with loose blouse,Multicolor blouse with cream skirt,"Abstract pattern on blouse, solid skirt",Shoulder bag,High heels,Casual chic,Semi-formal,"Woman wearing a multicolor abstract patterned blouse paired with a cream A-line skirt and beige high heels, accessorized with a shoulder bag."
miranda_white_skirt2.png,Blouse and Midi Skirt,Loose top with A-line skirt,"Multi-colored top (red, purple, green, beige), cream skirt","Abstract floral pattern on blouse, solid texture on skirt","Tan shoulder bag, white bracelet",Closed-toe pumps,"Casual chic, artistic",Smart casual,"A loose-fitting multi-colored abstract floral blouse paired with a high-waisted, pleated cream midi skirt and closed-toe pumps, accessorized with a tan shoulder bag and white bracelet."
miranda_yellow_dress.png,Dress,Draped,Mustard Yellow,"Solid, smooth fabric","Brown belt, gold bracelets, yellow clutch",High heel pumps,"Chic, contemporary",Semi-formal,"A mustard yellow draped midi dress with cold shoulder cutouts, accessorized with a brown belt, gold bracelets, a yellow clutch, and beige high heel pumps."
samantha_aqua_sequin_dress.png,Coat and Mini Dress,Structured Coat with Fitted Mini Dress,White and Light Blue,Solid Coat with Sequin/Detailed Texture Dress,"Statement Necklace, Hoop Earrings",,"Glamorous, Evening",Formal,"White structured coat worn over a light blue sequin mini dress, accessorized with a statement necklace and hoop earrings."
samantha_black_dress.png,Dress,Fitted,Black,Solid,Clutch,Heeled Sandals,Chic,Semi-Formal,"Fitted black dress with halter straps, paired with white heeled sandals and a snakeskin clutch."
samantha_black_white_top.png,Tunic and Leggings,Relaxed fit top with fitted bottoms,Light gray with black accents,Geometric stripes,"Wide belt with gold buckle, earrings",Black high-heeled shoes,Casual chic,Smart casual,"Light gray tunic featuring black geometric stripes paired with fitted black leggings, accessorized with a wide gold-buckled belt and black heels."
samantha_blue_dress.png,Coat,Straight,Light Blue,Faux fur collar with wool texture,Belt,,Vintage Glam,Semi-Formal,"Light blue coat with a wide, fluffy faux fur collar and a tied belt at the waist, featuring a straight silhouette."
samantha_blue_green_top.png,"Off-shoulder blouse, Pencil skirt","Fitted (skirt), Loose (blouse)","Blue, Green, Yellow, White","Solid colors, Smooth texture","Yellow belt, Yellow handbag, Large yellow earrings, Rings",White high-heeled platform pumps,"Chic, Bold color-blocking",Smart casual,"A chic and colorful smart casual outfit featuring a blue and green off-shoulder blouse with voluminous sleeves tucked into a fitted white pencil skirt, accessorized with a yellow belt, yellow handbag, large yellow earrings, and white high-heeled platform pumps."
samantha_blue_jeans.png,"Jacket, Turtleneck, Jeans","Fitted top, Bootcut pants","Black (jacket), Blue (turtleneck and jeans)","Geometric pattern on jacket, Solid colors on top and jeans","White tote bag, Hoop earrings, Belt",Black heeled boots,Casual chic,Casual,"Woman wearing a patterned black jacket over a blue turtleneck with blue bootcut jeans, accessorized with a white tote bag, hoop earrings, a belt, and black heeled boots."
samantha_blue_leopard_dress.png,dress and coat,"fitted dress with loose, oversized coat",blue,"leopard print on dress, fuzzy texture on coat",earrings,not visible,"glamorous, bold",semi-formal,"A fitted blue leopard print dress paired with a long, fuzzy blue coat, accessorized with earrings."
samantha_blue_pantsuit.png,Two-piece set (crop top and wide-leg pants),"Fitted top with high-waisted, wide-leg pants",Bright blue,Sequin,"Blue choker, white shoulder bag",Strappy heeled sandals,"Glamorous, disco-inspired","Semi-formal, party wear","Bright blue sequin two-piece set featuring a fitted V-neck crop top and high-waisted wide-leg pants, accessorized with a blue choker, white shoulder bag, and strappy heels."
samantha_blue_poker_dress.png,Sleeveless Dress,Fitted,Teal,Ribbed knit,Earrings,,Chic,Semi-formal,"A sleeveless fitted teal ribbed knit dress with a deep v-neck and a matching choker collar, accessorized with earrings."
samantha_blue_sequin_dress.png,Strapless Dress,Fitted,Blue,Sequins,"Beaded Necklace, Hoop Earrings, Clutch Bag",,Glamorous,Formal,"Woman wearing a fitted strapless blue sequin dress with a multi-beaded necklace, hoop earrings, and holding a clutch bag."
samantha_blue_top.png,"Blazer, Tank Top, Pencil Skirt",Form-fitting,"Beige (Blazer), Blue (Tank Top), Gray (Skirt)","Solid colors for blazer and tank top, textured skirt","Headband, Earrings, Zebra Patterned Handbag",Heels,Business Casual,Semi-formal,"A woman wearing a beige blazer over a blue tank top paired with a gray pencil skirt, accessorized with a headband, earrings, a zebra-patterned handbag, and black heels."
samantha_chanel_scarf.png,Headscarf,Loose,Black and White,Checkerboard with logo print,Gold hoop earrings,Not visible,"Chic, branded",Casual/Daywear,"A black and white checkerboard patterned headscarf with Chanel logos, styled loosely over the head, paired with gold hoop earrings."
samantha_chanel_scarf2.png,Sleeveless Dress,Loose,Blue,Solid,"Large Gold Hoop Earrings, Headscarf",Not visible,"Chic, Elegant",Semi-formal,Woman wearing a loose blue sleeveless dress paired with a black and white checkered headscarf with logo motifs and gold hoop earrings.
samantha_checkered_two_piece.png,Matching set (crop top and shorts),Fitted crop top with high-waisted shorts,Red and White,Gingham checkered,Hair scrunchies,Not visible,"Casual, vintage-inspired",Casual,"Red and white gingham crop top with puff sleeves paired with matching high-waisted shorts, accessorized with hair scrunchies for a casual, summery look."
samantha_dolls_jumpsuit.png,Jumpsuit,Fitted,Black,Graphic Print,"Wide belt, Bracelet",Strappy Heels,"Edgy, Rock-inspired","Casual, Night-out","Fitted black jumpsuit with graphic print and bold pink text, accessorized with a wide belt and bracelets, paired with strappy heels."
samantha_formal_outfit.png,Button-up blouse,Fitted,Off-white,"Solid, smooth",Chunky gold chain necklace,,"Classic, elegant",Business casual,"Off-white fitted button-up blouse with a wide collar, accessorized with a chunky gold chain necklace."
samantha_fur_coat.png,"Faux fur jacket, blouse, slim pants",Fitted,Beige,"Faux fur texture on jacket, sequin embellishment on pants","Gold handbag, hoop earrings, gloves",High-heeled boots,"Chic, sophisticated",Smart casual,"Beige faux fur jacket paired with a blouse and embellished slim pants, accessorized with gold handbag, gloves, and high-heeled boots."
samantha_gingham_coat.png,"Dress, Jacket, Hat","Fitted (dress), Cropped (jacket)","Turquoise (dress), Black and White (jacket), Red and White (hat)","Solid (dress), Houndstooth (jacket), Abstract print (hat)","White handbag, Red ring",,"Chic, Bold",Semi-formal,"A woman wearing a fitted turquoise dress with a plunging neckline, a cropped black and white houndstooth jacket, and a red and white abstract print hat, accessorized with a large white handbag and a red ring."
samantha_glittery_gold_skirt.png,Wrap top and sequin pencil skirt,Fitted,White and gold,Solid top with sequin texture on skirt,"Large hoop earrings, gold bangles, white handbag, wide belt",Not visible,"Glamorous, chic",Semi-formal,"Woman wearing a fitted white wrap top paired with a gold sequin pencil skirt, accessorized with large gold hoop earrings, gold bangles, and a white handbag, exuding a glamorous and chic style."
samantha_glittery_nude_dress.png,Dress,Straight,Nude/Beige,Sequin Embellishments,"Large Hoop Earrings, Bracelet",,"Glamorous, Party",Semi-Formal,"A sleeveless, nude/beige mini dress adorned with silver sequins, featuring a straight silhouette and accessorized with large hoop earrings and a bracelet."
samantha_gold_dress.png,Jacket and Mini Skirt,Fitted,Beige,"Solid, Smooth",,High Heels,"Chic, Sophisticated",Semi-formal,Woman wearing a fitted beige jacket paired with a matching mini skirt and beige and black high heels.
samantha_gold_outfit.png,"Blazer, Top, Skirt",Fitted,"Gold, Red","Solid, Satin",Earrings,High Heels,"Chic, Elegant",Formal,"A chic and elegant outfit featuring a gold satin fitted blazer and knee-length skirt with a front slit, paired with a deep red ruched top and beige high heels with embellishments, accessorized with statement earrings."
samantha_green_top.png,Blouse and Pencil Skirt,Fitted,"Green (Blouse), White (Skirt)","Solid, Satin-like","Black Belt, Large Yellow Tote Bag",,"Chic, Sophisticated",Business Casual,"Woman wearing a fitted green satin blouse with a black belt and a white pencil skirt, accessorized with a large yellow tote bag and holding two champagne bottles."
samantha_leopard_coat.png,Coat,Straight,Brown,Leopard print,Black gloves,Not visible,Vintage Glam,Semi-formal,"Leopard print coat with black gloves, straight silhouette, worn over dark stockings."
samantha_leopard_dress.png,Long-sleeve dress,Fitted,Beige with brown spots,Animal print (leopard),"Sunglasses, gold hoop earrings, beige clutch, ring",,Chic,Semi-formal,"Fitted long-sleeve leopard print dress paired with gold hoop earrings, sunglasses on the head, a beige clutch, and rings."
samantha_leopard_dress2.png,Long-sleeve dress,Fitted,Beige,Leopard print,"Sunglasses, gold hoop earrings, clutch, rings",,"Chic, trendy",Smart casual,"Fitted beige long-sleeve dress with leopard print, accessorized with sunglasses, gold hoop earrings, clutch, and rings."
samantha_lilac_suit.png,Blazer and Printed Dress,Fitted dress with a loose blazer,Lavender and Blue with Black and Beige accents,"Abstract and Animal print on dress, Solid color blazer","Large gold hoop earrings, Black and blue structured handbag, Sunglasses on head",Open-toe heeled sandals,"Chic and sophisticated, with a bold print statement",Business casual to semi-formal,"A chic fitted printed dress paired with a loose lavender blazer, accessorized with gold earrings, a structured handbag, and heeled sandals."
samantha_lime_jacket.png,Blazer and Pencil Skirt,Fitted,"Green (Blazer), White (Skirt)","Solid (Blazer), Subtle Check Pattern (Skirt)",Red Handbag,White Heels,Business Casual,Semi-Formal,"A fitted green blazer paired with a white pencil skirt featuring a subtle check pattern, accessorized with a red handbag and white heels, creating a polished business casual look."
samantha_pink_coat.png,Blazer and pants,"Fitted blazer, straight-leg pants","Pink (blazer), Red (pants)",Solid colors,"Blue fringe handbag, gold hoop earrings, large ring",Open-toe sandals,"Chic, colorful, modern",Smart casual,"A woman wearing a bright pink fitted blazer paired with red straight-leg pants, accessorized with a blue fringe handbag, gold hoop earrings, and red open-toe sandals."
samantha_pink_dress.png,Dress,Bodycon,Pink,Solid,"Chain belt, Long necklace",Flip-flops,"Casual, Summer",Casual,"A bright pink bodycon dress with thin straps, accessorized with a chain belt and a long necklace, paired with casual flip-flops."
samantha_pink_flapper_dress.png,Dress,Sheath,Coral,Sequined and Fringe,Clutch bag,Strappy sandals,"Elegant, Party",Semi-formal,"Coral sheath dress with sequins and fringe details, paired with strappy sandals and a clutch."
samantha_pink_green_skirt.png,Jacket and Top,Fitted,Pink,"Solid (Jacket), Patterned (Top)",None visible,Not visible,Casual Chic,Smart Casual,Fitted pink jacket paired with a patterned pink top and a green skirt.
samantha_pink_suit.png,Blazer and Pants,Tailored and Straight,Pink,Solid,"Large white handbag, Red earrings",Open-toe heels,"Chic, Bold",Business Casual,"A woman wearing a bright pink tailored double-breasted blazer with matching straight pants, accessorized with a large white handbag and red earrings, paired with open-toe heels."
samantha_purple_bodycon_dress.png,Dress,Bodycon,Lavender,Fringe,"Clutch purse, Earrings",Not visible,"Elegant, Partywear",Semi-formal,"A lavender bodycon dress with fringe detailing along the neckline, worn with a matching clutch purse and pearl earrings."
samantha_purple_dress.png,Dress,"Flowy, A-line",Lavender,"Solid, smooth fabric","Sunglasses, statement earrings, wide turquoise belt, bracelets",Open-toe sandals,"Chic, elegant",Semi-formal,"A flowy lavender halter-neck dress with a wide turquoise belt, accessorized with sunglasses, statement earrings, bracelets, and open-toe sandals."
samantha_purple_tassle_dress.png,Dress,Fitted,Purple,Solid with fringe detailing,"Clutch bag, Earrings",,"Elegant, Feminine",Semi-formal,"A fitted purple dress with thin straps and fringe detailing on the bodice, complemented by a matching clutch and earrings."
samantha_red_dress.png,Dress,Fitted,Red,Solid,"Gold bracelet, hoop earrings, zebra print handbag",Not visible,"Chic, Elegant",Semi-formal,"A woman wearing a fitted red dress with thin straps, accessorized with a gold bracelet, hoop earrings, and a zebra print handbag."
samantha_red_fan.png,Halter Top and Flared Jeans,Fitted top with flare bottom,Red (top) and Light Blue (jeans),"Solid colors, denim texture on jeans","White shoulder bag, red fan",Open-toe sandals,Casual 2000s,Casual,"Woman wearing a red halter top paired with light blue flared jeans adorned with small studs and white open-toe sandals, accessorized with a white shoulder bag and holding a red fan."
samantha_red_fan2.png,Sleeveless halter top and bootcut jeans,Fitted top with flared bottom jeans,"Red (top), Light blue (jeans)",Solid colors,"Silver shoulder bag, handheld fan, earrings",Open-toe sandals,Casual chic,Casual,"A woman wearing a fitted red sleeveless halter top paired with light blue bootcut jeans, accessorized with a silver shoulder bag, fan, earrings, and open-toe sandals, presenting a casual chic look."
samantha_red_purse.png,Quilted Jacket,Boxy,White,Textured Quilted,"Sunglasses, Large Red Clutch, Gold Hoop Earrings, Gold Watch, Wide Black Belt",Not visible,"Chic, Sophisticated",Smart Casual,"A woman wearing a white textured quilted boxy jacket with a wide black belt, accessorized with gold hoop earrings, gold watch, large red clutch, and sunglasses on her head."
samantha_red_skirt.png,Sleeveless top and midi skirt,Fitted top with flared skirt,Blue and red,Solid colors,"Blue belt, blue cuff bracelet, white shoulder bag, blue ring",White pointed-toe heels,"Chic, modern",Semi-formal,Outfit featuring a draped blue sleeveless top and red midi skirt with bright accessories and white heels.
samantha_red_stripe_pants.png,Sheer Blouse and Wide-Leg Pants,Loose,Black and Red,Animal Print (Zebra Stripes),Earrings,,"Edgy, Fashion-Forward",Casual to Semi-Formal,"A sheer black blouse worn over a black bra paired with loose, red and black animal print wide-leg pants, accessorized with statement earrings."
samantha_red_suit.png,Blouse and Pencil Skirt,Peplum with fitted pencil skirt,Red,"Solid, smooth texture","Wide belt, large statement earrings, red handbag, rings",High heels,"Power dressing, elegant",Formal,"A bold red peplum blouse paired with a matching fitted pencil skirt, accessorized with a wide belt, statement earrings, red handbag, and high heels, ideal for a formal power dressing look."
samantha_red_suit2.png,Dress with Belt,Fitted with Peplum Detail,Red,Solid,"Wide Belt, Drop Earrings",,"Power Dressing, 1980s Inspired",Semi-Formal to Formal,"Red fitted dress featuring a wide belt with an oval buckle and peplum detail at the waist, accessorized with gold drop earrings."
samantha_red_top.png,Top and Pants,Fitted top and straight-leg pants,Orange (top) and White (pants),Solid color,"Sunglasses on head, hoop earrings, ring",Not visible,"Casual, trendy",Casual,"Fitted orange spaghetti strap top with buckle detail, paired with loose-fitting white cargo pants, accessorized with sunglasses and hoop earrings."
samantha_red_top_black_skirt.png,Top,Fitted,Red,Solid,Wristwatch,,Casual,Casual,"Fitted red three-quarter sleeve top paired with a dark bottom, accessorized with a wristwatch."
samantha_red_wavy_dress.png,Mini Dress,Fitted,Red,Bold Abstract Print,"Decorative Belt with Metal Embellishments, Hoop Earrings, Wristbands",Not visible,Retro 70s/80s,Casual to Semi-Formal,"Fitted mini dress with long sleeves featuring a bold, colorful abstract print, accessorized with a decorative belt and minimal jewelry."
samantha_snakeskin_bag.png,Dress,Fitted,Beige,Metallic Shimmer,"Gold belt, gold earrings, gold bracelet, large snake pattern handbag",,"Elegant, Evening",Formal,"Fitted beige metallic shimmer dress accessorized with a gold belt, gold jewelry, and a large snake pattern handbag."
samantha_striped_dress.png,Dress,Fitted A-line,Black,White Chevron Stripes,"Sunglasses, Gold Bracelet, Beige Handbag",Beige Open-toe Heeled Sandals,"Chic, Modern",Casual to Semi-formal,"A fitted black dress with white chevron stripes, halter neckline, accessorized with beige heeled sandals and gold-tone bracelets, perfect for casual to semi-formal outings."
samantha_striped_top.png,"Button-up shirt, Jeans","Fitted top, Straight-leg pants","Black and White (top), White (pants)","Striped (top), Solid (pants)","Red belt, Red bracelet, Pearl earrings, Sunglasses, White handbag",High-heeled sandals,Casual chic,Casual,"A casual chic outfit featuring a black and white striped button-up shirt tied at the waist, paired with white straight-leg jeans, accessorized with a red belt and bracelet, pearl earrings, sunglasses, and white handbag, completed with high-heeled sandals."
samantha_tan_dress.png,Cocktail Dress,Bodycon,Beige,Sequin Embellishment,"Large Hoop Earrings, Bracelet, Glittery Purse",High Heel Sandals,"Glamorous, Partywear",Semi-Formal,"A beige bodycon cocktail dress with silver sequin embellishments, paired with clear high heel sandals and large hoop earrings."
samantha_white_coat.png,Trench Coat,Straight,Off-white,Solid,"Handbag, earrings",High-heeled slingback shoes,"Classic, Elegant",Formal,"Woman wearing an off-white double-breasted trench coat with a belt, holding a large grey handbag, paired with high-heeled slingback shoes."
samantha_white_coat2.png,"Wool Coat with Fur Trim, Patterned Trousers","Straight fit coat, straight fit trousers","White (coat), Yellow with Purple Pattern (trousers)","Solid coat with fur trim, Geometric pattern on trousers","Purple handheld bag, Purple gloves",Black heeled ankle boots,Chic and sophisticated,Semi-formal,"A woman wearing a white wool coat with fur trim at the hem, paired with yellow trousers featuring a purple geometric pattern, accessorized with purple gloves and a large purple bag, and black heeled ankle boots."
samantha_white_crop_top.png,Crop Top and Sarong,Loose and Flowing,"White (Top), Blue (Sarong)","Solid Colors, Sheer Texture on Sarong",Waist Chain,Not Visible,Beachwear / Casual,Casual,"A casual and breezy outfit featuring a loose white crop top paired with a blue sheer sarong wrapped around the waist, accessorized with a delicate waist chain."
samantha_white_set.png,Sleeveless Dress,Fitted,White,"Shimmery, Glittery","Small earrings, Handbag",Not visible,"Elegant, Eveningwear",Semi-formal to Formal,"A sleeveless, fitted white shimmery dress suitable for evening or semi-formal occasions."
samantha_white_suit.png,"Blazer, Pencil Skirt, Coat","Fitted (blazer and skirt), Oversized (coat)",White,"Solid, Smooth","Gold belt, Gold earrings, Sunglasses, Metallic handbag",Not visible,"Chic, Elegant, Power dressing",Formal,"Woman wearing a white fitted blazer and pencil skirt with an oversized white coat draped over shoulders, accessorized with a gold belt, statement gold earrings, sunglasses, and a metallic handbag."
samantha_yellow_dress.png,"Dress, Coat",A-line,Yellow,Solid with subtle texture on the coat,"White belt, large earrings, bracelet, handbag",Not clearly visible,"Chic, sophisticated",Semi-formal,"A woman wearing a yellow A-line dress paired with a textured yellow coat draped over her shoulders, accessorized with a white belt, large earrings, bracelet, and a handbag, walking a dog."
samantha_yellow_jacket.png,Jacket and Skirt,Fitted,Yellow,"Solid, Smooth","Gold shoulder bag, Shopping bags",Ankle boots with heels,"Chic, Urban",Smart casual,"Woman wearing a fitted yellow jacket paired with a black skirt and ankle boots, accessorized with a gold shoulder bag and holding shopping bags."
samantha_yellow_neon_dress.png,"Dress, Coat",A-line,Yellow,Solid with subtle texture on coat,"Large earrings, white belt, gold handbag",High heels,"Chic, Sophisticated",Semi-formal,"A woman wearing a yellow A-line dress with a white belt and a matching yellow textured coat draped over her shoulders, accessorized with large earrings and carrying a gold handbag. She is walking a small dog in a yellow outfit and wearing high heels."
samantha_yellow_pants.png,"Coat, Gloves, Pants, Handbag, Ankle Boots",Straight fit coat with tapered pants,"White (coat), Purple (gloves and handbag), Beige with purple pattern (pants), Black (boots)","Solid coat with fur trim, Geometric pattern on pants","Gold hoop earrings, Purple gloves, Purple handbag",Black ankle boots with heels,"Chic, Sophisticated",Semi-formal,"A woman wearing a white fur-trimmed coat paired with patterned beige and purple pants, accessorized with purple gloves, a matching purple handbag, gold earrings, and black heeled ankle boots."
samantha_yellow_skirt.png,Blazer and skirt,Tailored,Blue and Yellow,"Solid, smooth fabric","Blue earrings, beige clutch bag",,"Professional, business chic",Formal,"A tailored bright blue blazer paired with a fitted yellow skirt, accessorized with blue earrings and a beige clutch, creating a polished business look."
samantha_yellow_suit.png,Blazer and Pencil Skirt,Fitted with peplum detail,Yellow (blazer) and Black (skirt),Solid,"Belt, Sunglasses, Earrings, Ring, Notebook/Folder",High-heeled Peep-toe Pumps,Professional and Chic,Business Formal,"A professional and chic outfit featuring a fitted yellow blazer with peplum detail paired with a black pencil skirt, accessorized with a matching belt, silver high-heeled peep-toe pumps, and subtle jewelry."
samantha_yellow_top.png,Blouse and Pants,Fitted blouse with wide-leg pants,Yellow (top) and White (pants),"Floral pattern on blouse, solid texture on pants","Large hoop earrings, white tote bag",White open-toe sandals,Casual chic,Smart casual,"Yellow floral blouse paired with high-waisted white wide-leg pants, accessorized with large hoop earrings, a white tote bag, and white open-toe sandals."
